<?xml version = "1.0" encoding = "utf-8" ?> 

<component name = "CategoryHud" extends = "Group" >
<interface>
	  <!-- setting this value for true shows hud with animation and vise versa.-->
	  <field id="show"          type="bool"  onChange="onVisibilityChanged" alwaysNotify="true"/>
	  <!--  set content meta-data to hud.-->
	  <field id="content"       type="node"  onChange="onContentChanged"/>
	  <!--  set height of hud from bottom.-->
	  <field id="height"        type="int"   onChange="onHeightChanged"/>
	  <!--  set height of hud from bottom.-->
	  <field id="width"        type="int"   onChange="onWidthChanged"/>
	  <!-- horizontal space size of labels. Used only second value in this array. -->
<!-- 	  <field id="offset"        type="vector2d" onChange="OnOffsetChange"/> -->
	</interface> 

	<script type="text/brightscript" uri="pkg:/components/Hud/CategoryHud.brs" />
	
	<children>
		<Group
			id="hudGroup"
			visible="true"
			opacity="0"
			translation="[0, 0]">
			 
			<Rectangle
				id="background"
				visible="true"
				translation="[0,0]"
				color="0x000000FF"
				opacity="0.8"/>
	
			<LayoutGroup
				id = "infoGroup"
				layoutDirection="horiz"
				horizAlignment="left"
				translation="[100,0]">
				
			<LabelList
				id = "EPG_List">
  				  <ContentNode id = "moviemenucontent" role = "content" >
 
   					 <ContentNode title = "Drama" />
   					 <ContentNode title = "Action" />
   					 <ContentNode title = "Horror" />
   					 <ContentNode title = "Comedy" />
 
 				 </ContentNode> 
			</LabelList>
								
			</LayoutGroup>
			
			<Animation
				id="SlideAnimation"
				duration="0.2"
				repeat="false"
				easeFunction="linear">
				<FloatFieldInterpolator
					id="SlideAnimationInterpolator"
					key="[0, 1]"
					keyValue="[0.0, 1.0]"
					fieldToInterp="hudGroup.opacity"/>
			</Animation>   
		</Group>
	</children>  
	
</component>