<?xml version="1.0" encoding="UTF-8"?>
<component name="MainScene" extends="Scene">

	<script type="text/brightscript" uri="pkg:/components/MainScene.brs" />

  <children>
  
  <Label 
		id = "TestLabel123"
		text = "I am TestLabel"
		translation = "[500,200]"/>
  	
    <Poster 
      id = "examplePoster" 
      width = "512" 
      height = "288" 
      uri = "http://sdktestinglab.com/Tutorial/images/videopg.jpg" />      

	<Animation 
      id = "exampleFloatAnimation" 
      duration = "5" 
      easeFunction = "linear" >

      <FloatFieldInterpolator 
        key = "[ 0.0, 0.5, 1.0 ]" 
        keyValue = "[ 1.0, 0.0, 1.0 ]" 
        fieldToInterp = "examplePoster.opacity" />

    </Animation>
  </children>

</component>
