<?xml version = "1.0" encoding = "utf-8" ?> 

<!--********** Copyright 2016 Roku Corp.  All Rights Reserved. **********-->

<component name = "VideoComp" extends = "Scene" >

<interface>

	<field id="Hud" type="node"/>

</interface>

  <script type = "text/brightscript" uri="pkg:/components/videoscene.brs"/>

  <children >

    <Video
    	id = "liveVideo"
    	
	    />
	    
	<CategoryHud
		id = "CategoryHud"
		/>    
<!--       
	<Label 
		id = "TestLabel"
		text = "I am TestLabel"
		translation = "[500,200]"/>
  
   <Poster 
      id = "examplePoster" 
      width = "512" 
      height = "288" 
      uri = "http://sdktestinglab.com/Tutorial/images/videopg.jpg" />      

	<Animation 
      id = "exampleFloatAnimation" 
      duration = "5" 
      easeFunction = "linear" >

      <FloatFieldInterpolator 
        key = "[ 0.0, 0.5, 1.0 ]" 
        keyValue = "[ 1.0, 0.0, 1.0 ]" 
        fieldToInterp = "examplePoster.opacity" />

    </Animation>
--> 
  </children>

</component>
